<?xml version="1.0" encoding="UTF-8"?>
<!DOCTYPE module PUBLIC "-//Google Inc.//DTD Google Web Toolkit 2.5.0//EN"
  "http://google-web-toolkit.googlecode.com/svn/tags/2.5.0/distro-source/core/src/gwt-module.dtd">
<module rename-to='cccprojectgwt'>
	<!-- Inherit the core Web Toolkit stuff. -->
	<inherits name='com.google.gwt.user.User' />
	<inherits name='com.google.gwt.user.theme.clean.Clean' />

	<!-- Other inherits -->
	<inherits name='ca.nanometrics.gflot.GFlot' />
	<inherits name='com.google.gwt.widgetideas.GWTCanvas' />
	<inherits name='com.swtoolbox.canvasfont.SWTBCanvasFont' />
	<inherits name='com.swtb.font.SWTBFont' />

	<!-- Specify the app entry point class. -->
	<entry-point class='com.cs.umbc.project.client.HomePanel' />

	<!-- Specify the paths for translatable code -->
	<source path='client' />
	<source path='shared' />

</module>
